[ {
  "type": "gauge",
  "changeInterval": "1h",
  "jitter": 30000000,
  "max": 200000000,
  "min": 10000000,
  "result": {"resultType":"vector","result":[{"metric":{"__name__":"container_memory_usage_bytes","container_name":"POD","image":"k8s.gcr.io/pause:3.1","instance":"minikube","job":"kubelet","namespace":"default","pod":"prometheus-0"},"value":[1548809388.643,"462848"]},{"metric":{"__name__":"container_memory_usage_bytes","container_name":"POD","image":"k8s.gcr.io/pause:3.1","instance":"minikube","job":"kubelet","namespace":"kube-system","pod":"coredns-86c58d9df4-262fj"},"value":[1548809388.643,"503808"]},{"metric":{"__name__":"container_memory_usage_bytes","container_name":"POD","image":"k8s.gcr.io/pause:3.1","instance":"minikube","job":"kubelet","namespace":"kube-system","pod":"coredns-86c58d9df4-xv6ts"},"value":[1548809388.643,"434176"]},{"metric":{"__name__":"container_memory_usage_bytes","container_name":"POD","image":"k8s.gcr.io/pause:3.1","instance":"minikube","job":"kubelet","namespace":"kube-system","pod":"etcd-minikube"},"value":[1548809388.643,"454656"]},{"metric":{"__name__":"container_memory_usage_bytes","container_name":"POD","image":"k8s.gcr.io/pause:3.1","instance":"minikube","job":"kubelet","namespace":"kube-system","pod":"kube-addon-manager-minikube"},"value":[1548809388.643,"491520"]},{"metric":{"__name__":"container_memory_usage_bytes","container_name":"POD","image":"k8s.gcr.io/pause:3.1","instance":"minikube","job":"kubelet","namespace":"kube-system","pod":"kube-apiserver-minikube"},"value":[1548809388.643,"430080"]},{"metric":{"__name__":"container_memory_usage_bytes","container_name":"POD","image":"k8s.gcr.io/pause:3.1","instance":"minikube","job":"kubelet","namespace":"kube-system","pod":"kube-controller-manager-minikube"},"value":[1548809388.643,"1257472"]},{"metric":{"__name__":"container_memory_usage_bytes","container_name":"POD","image":"k8s.gcr.io/pause:3.1","instance":"minikube","job":"kubelet","namespace":"kube-system","pod":"kube-proxy-6mn4k"},"value":[1548809388.643,"487424"]},{"metric":{"__name__":"container_memory_usage_bytes","container_name":"POD","image":"k8s.gcr.io/pause:3.1","instance":"minikube","job":"kubelet","namespace":"kube-system","pod":"kube-scheduler-minikube"},"value":[1548809388.643,"442368"]},{"metric":{"__name__":"container_memory_usage_bytes","container_name":"POD","image":"k8s.gcr.io/pause:3.1","instance":"minikube","job":"kubelet","namespace":"kube-system","pod":"kube-state-metrics-68f6cc566c-vp566"},"value":[1548809388.643,"466944"]},{"metric":{"__name__":"container_memory_usage_bytes","container_name":"POD","image":"k8s.gcr.io/pause:3.1","instance":"minikube","job":"kubelet","namespace":"kube-system","pod":"kubernetes-dashboard-ccc79bfc9-ckbkr"},"value":[1548809388.643,"397312"]},{"metric":{"__name__":"container_memory_usage_bytes","container_name":"POD","image":"k8s.gcr.io/pause:3.1","instance":"minikube","job":"kubelet","namespace":"kube-system","pod":"storage-provisioner"},"value":[1548809388.643,"438272"]},{"metric":{"__name__":"container_memory_usage_bytes","container_name":"addon-resizer","image":"sha256:b57c00a12f6cf8acf10de9c5e2c5adacbf355b181dd76f4d65bcfd3a936ea289","instance":"minikube","job":"kubelet","namespace":"kube-system","pod":"kube-state-metrics-68f6cc566c-vp566"},"value":[1548809388.643,"7045120"]},{"metric":{"__name__":"container_memory_usage_bytes","container_name":"coredns","image":"sha256:f59dcacceff45b5474d1385cd5f500d0c019ed9ca50ed5b814ac0c5fcec8699e","instance":"minikube","job":"kubelet","namespace":"kube-system","pod":"coredns-86c58d9df4-262fj"},"value":[1548809388.643,"33697792"]},{"metric":{"__name__":"container_memory_usage_bytes","container_name":"coredns","image":"sha256:f59dcacceff45b5474d1385cd5f500d0c019ed9ca50ed5b814ac0c5fcec8699e","instance":"minikube","job":"kubelet","namespace":"kube-system","pod":"coredns-86c58d9df4-xv6ts"},"value":[1548809388.643,"18620416"]},{"metric":{"__name__":"container_memory_usage_bytes","container_name":"etcd","image":"sha256:3cab8e1b9802cbe23a2703c2750ac4baa90b049b65e2a9e0a83e9e2c29f0724f","instance":"minikube","job":"kubelet","namespace":"kube-system","pod":"etcd-minikube"},"value":[1548809388.643,"132898816"]},{"metric":{"__name__":"container_memory_usage_bytes","container_name":"kube-addon-manager","image":"sha256:9c16409588eb19394b90703bdb5bcfb7c08fe75308a5db30b95ca8f6bd6bdc85","instance":"minikube","job":"kubelet","namespace":"kube-system","pod":"kube-addon-manager-minikube"},"value":[1548809388.643,"42958848"]},{"metric":{"__name__":"container_memory_usage_bytes","container_name":"kube-apiserver","image":"sha256:177db4b8e93a6a74ab19435edf17111d3ad18a8a4efef728712ea067ea8047c1","instance":"minikube","job":"kubelet","namespace":"kube-system","pod":"kube-apiserver-minikube"},"value":[1548809388.643,"374333440"]},{"metric":{"__name__":"container_memory_usage_bytes","container_name":"kube-controller-manager","image":"sha256:b9027a78d94c15a4aba54d45476c6f295c0db8f9dcb6fca34c8beff67d90a374","instance":"minikube","job":"kubelet","namespace":"kube-system","pod":"kube-controller-manager-minikube"},"value":[1548809388.643,"112422912"]},{"metric":{"__name__":"container_memory_usage_bytes","container_name":"kube-proxy","image":"sha256:01cfa56edcfc350d36cea9c2fc857949b36bc69bf69df6901e0fd9be3c826617","instance":"minikube","job":"kubelet","namespace":"kube-system","pod":"kube-proxy-6mn4k"},"value":[1548809388.643,"17539072"]},{"metric":{"__name__":"container_memory_usage_bytes","container_name":"kube-scheduler","image":"sha256:3193be46e0b3e215877b122052c0c7d3ef0902cf1dd6efaf3db95f37cf697002","instance":"minikube","job":"kubelet","namespace":"kube-system","pod":"kube-scheduler-minikube"},"value":[1548809388.643,"41316352"]},{"metric":{"__name__":"container_memory_usage_bytes","container_name":"kube-state-metrics","image":"sha256:91599517197a204c99cd2c7e2175c25e18d82f9b53fc9d86f7d9976a3a6c6521","instance":"minikube","job":"kubelet","namespace":"kube-system","pod":"kube-state-metrics-68f6cc566c-vp566"},"value":[1548809388.643,"8130560"]},{"metric":{"__name__":"container_memory_usage_bytes","container_name":"kubernetes-dashboard","image":"sha256:f9aed6605b814b69e92dece6a50ed1e4e730144eb1cc971389dde9cb3820d124","instance":"minikube","job":"kubelet","namespace":"kube-system","pod":"kubernetes-dashboard-ccc79bfc9-ckbkr"},"value":[1548809388.643,"12353536"]},{"metric":{"__name__":"container_memory_usage_bytes","container_name":"prometheus","image":"sha256:5517f7057e7295a89a67c3c4869d60e019526d3d3ac0e45ae2e48c949b5c3f78","instance":"minikube","job":"kubelet","namespace":"default","pod":"prometheus-0"},"value":[1548809388.643,"215818240"]},{"metric":{"__name__":"container_memory_usage_bytes","container_name":"storage-provisioner","image":"sha256:4689081edb103a9e8174bf23a255bfbe0b2d9ed82edc907abab6989d1c60f02c","instance":"minikube","job":"kubelet","namespace":"kube-system","pod":"storage-provisioner"},"value":[1548809388.643,"17342464"]},{"metric":{"__name__":"container_memory_usage_bytes","instance":"minikube","job":"kubelet"},"value":[1548809388.643,"2690859008"]},{"metric":{"__name__":"container_memory_usage_bytes","instance":"minikube","job":"kubelet","namespace":"default","pod":"prometheus-0"},"value":[1548809388.643,"216293376"]},{"metric":{"__name__":"container_memory_usage_bytes","instance":"minikube","job":"kubelet","namespace":"kube-system","pod":"coredns-86c58d9df4-262fj"},"value":[1548809388.643,"34201600"]},{"metric":{"__name__":"container_memory_usage_bytes","instance":"minikube","job":"kubelet","namespace":"kube-system","pod":"coredns-86c58d9df4-xv6ts"},"value":[1548809388.643,"19054592"]},{"metric":{"__name__":"container_memory_usage_bytes","instance":"minikube","job":"kubelet","namespace":"kube-system","pod":"etcd-minikube"},"value":[1548809388.643,"133349376"]},{"metric":{"__name__":"container_memory_usage_bytes","instance":"minikube","job":"kubelet","namespace":"kube-system","pod":"kube-addon-manager-minikube"},"value":[1548809388.643,"43450368"]},{"metric":{"__name__":"container_memory_usage_bytes","instance":"minikube","job":"kubelet","namespace":"kube-system","pod":"kube-apiserver-minikube"},"value":[1548809388.643,"374763520"]},{"metric":{"__name__":"container_memory_usage_bytes","instance":"minikube","job":"kubelet","namespace":"kube-system","pod":"kube-controller-manager-minikube"},"value":[1548809388.643,"113680384"]},{"metric":{"__name__":"container_memory_usage_bytes","instance":"minikube","job":"kubelet","namespace":"kube-system","pod":"kube-proxy-6mn4k"},"value":[1548809388.643,"18026496"]},{"metric":{"__name__":"container_memory_usage_bytes","instance":"minikube","job":"kubelet","namespace":"kube-system","pod":"kube-scheduler-minikube"},"value":[1548809388.643,"41758720"]},{"metric":{"__name__":"container_memory_usage_bytes","instance":"minikube","job":"kubelet","namespace":"kube-system","pod":"kube-state-metrics-68f6cc566c-vp566"},"value":[1548809388.643,"15642624"]},{"metric":{"__name__":"container_memory_usage_bytes","instance":"minikube","job":"kubelet","namespace":"kube-system","pod":"kubernetes-dashboard-ccc79bfc9-ckbkr"},"value":[1548809388.643,"30040064"]},{"metric":{"__name__":"container_memory_usage_bytes","instance":"minikube","job":"kubelet","namespace":"kube-system","pod":"storage-provisioner"},"value":[1548809388.643,"65912832"]}]}
},{
  "type": "gauge",
  "jitter": 0,
  "max": 200000000,
  "min": 100000000,
  "result": {"resultType":"vector","result":[{"metric":{"__name__":"kube_pod_container_resource_requests_memory_bytes","cluster":"cluster2","container":"addon-resizer","instance":"172.17.0.9:8080","job":"kube-state-metrics","namespace":"kube-system","node":"minikube","pod":"kube-state-metrics-68f6cc566c-vp566"},"value":[1548809388.643,"52428800"]},{"metric":{"__name__":"kube_pod_container_resource_requests_memory_bytes","cluster":"cluster2","container":"coredns","instance":"172.17.0.9:8080","job":"kube-state-metrics","namespace":"kube-system","node":"minikube","pod":"coredns-86c58d9df4-262fj"},"value":[1548809388.643,"73400320"]},{"metric":{"__name__":"kube_pod_container_resource_requests_memory_bytes","cluster":"cluster2","container":"coredns","instance":"172.17.0.9:8080","job":"kube-state-metrics","namespace":"kube-system","node":"minikube","pod":"coredns-86c58d9df4-xv6ts"},"value":[1548809388.643,"73400320"]},{"metric":{"__name__":"kube_pod_container_resource_requests_memory_bytes","cluster":"cluster2","container":"kube-addon-manager","instance":"172.17.0.9:8080","job":"kube-state-metrics","namespace":"kube-system","node":"minikube","pod":"kube-addon-manager-minikube"},"value":[1548809388.643,"52428800"]},{"metric":{"__name__":"kube_pod_container_resource_requests_memory_bytes","cluster":"cluster2","container":"kube-state-metrics","instance":"172.17.0.9:8080","job":"kube-state-metrics","namespace":"kube-system","node":"minikube","pod":"kube-state-metrics-68f6cc566c-vp566"},"value":[1548809388.643,"106954752"]}]}
}, {
  "type": "gauge",
  "jitter": 0,
  "max": 200000000,
  "min": 100000000,
  "result": {"resultType":"vector","result":[{"metric":{"__name__":"kube_pod_container_resource_limits_memory_bytes","cluster":"cluster2","container":"addon-resizer","instance":"172.17.0.9:8080","job":"kube-state-metrics","namespace":"kube-system","node":"minikube","pod":"kube-state-metrics-68f6cc566c-vp566"},"value":[1548809388.643,"52428800"]},{"metric":{"__name__":"kube_pod_container_resource_limits_memory_bytes","cluster":"cluster2","container":"coredns","instance":"172.17.0.9:8080","job":"kube-state-metrics","namespace":"kube-system","node":"minikube","pod":"coredns-86c58d9df4-262fj"},"value":[1548809388.643,"178257920"]},{"metric":{"__name__":"kube_pod_container_resource_limits_memory_bytes","cluster":"cluster2","container":"coredns","instance":"172.17.0.9:8080","job":"kube-state-metrics","namespace":"kube-system","node":"minikube","pod":"coredns-86c58d9df4-xv6ts"},"value":[1548809388.643,"178257920"]},{"metric":{"__name__":"kube_pod_container_resource_limits_memory_bytes","cluster":"cluster2","container":"kube-state-metrics","instance":"172.17.0.9:8080","job":"kube-state-metrics","namespace":"kube-system","node":"minikube","pod":"kube-state-metrics-68f6cc566c-vp566"},"value":[1548809388.643,"106954752"]}]}
}]